id,configName,creatorsCategory,analysisInstruction,newConceptsInstruction
4bfa69dd-35ab-405a-8089-dd1452059c4f,AI/Tech Content,ai-creators,"# CONCEPT
Overall description of the concept of this video, and what makes it valuable and interesting (1-3 sentences).
-> Clarify the core tension: what belief is challenged, what mistake is exposed, or what outcome is promised.
-> One clear idea only. No subtopics.

# HOOK
Detailed description of the first 5 seconds of the video, what makes it scroll-stopping and attention-grabbing, why a viewer needs to stop to watch it (1-3 sentences).
-> Break it down into:
- VISUAL (what is seen in the first 1-2 seconds: movement, facial expression, contrast, pattern break)
- TEXT (short on-screen statement: danger, promise, or contradiction, max 6-8 words)
- AUDIO (first spoken words: confident, direct, no intro, no context)
-> The hook must create either fear of loss, strong curiosity, or identity relevance.

# RETENTION MECHANISMS
Detailed description of how the creator manages to retain viewers throughout the video (1-7 sentences).
-> Open loops (""in a second I will show you why..."", ""most people miss this part..."")
-> Delayed payoff (main insight is intentionally held back)
-> Micro-escalations every 3-5 seconds (new angle, sharper wording, visual or tonal shift)
-> Pattern interrupts (pauses, emphasis, cut, zoom, gesture)
-> Clear forward momentum: the viewer feels the video is going somewhere.

# REWARD
Describe the ultimate value that the viewer gets by watching this video (1-3 sentences).
-> Be explicit: what does the viewer now understand, feel, or see differently?
-> Define whether the reward is Education (clarity), Entertainment (emotional release), or Inspiration (self-belief / action).
-> The reward should feel proportional to the time invested.

# SCRIPT
Describe the full script of the video (1-20 sentences, as many as needed).
-> Structure:
1. Immediate hook (no greeting)
2. Problem framing / tension escalation
3. Why this matters (stakes)
4. Main insight or shift in perspective (this comes AFTER retention is established)
5. Clean close (no rambling; optional CTA only if natural)
-> Include: scenes, actions, voiceover, exact wording if possible.
-> Keep sentences short. Spoken language only.

OVERALL RULE:
THE SHORTER THE ANALYSIS - THE BETTER.
If it can be said in fewer words, it should be.
Clarity > cleverness.
Retention > information.","Adapt this video for a smart, tech-savvy content creator who positions himself as sharp and ahead of the curve on practical AI tools, automation workflows, and using AI to be more productive. He does not run a blog — this is short-form video content. His audience is tech-savvy professionals and entrepreneurs who want to leverage AI in their work.

Task:
Give us 3 NEW video concepts inspired by the ORIGINAL reference.
Do not copy the original.
Translate the core idea into the AI / automation / productivity context.
MAINLY iterate and sharpen the HOOKS.

Focus:
- First 3 seconds must stop a tech-savvy professional from scrolling
- Hooks should challenge a belief, expose a mistake, or promise a shortcut
- Practical value > hype
- Show, do not just tell
- No buzzwords, no exaggeration

The output should have this format:

# CONCEPT 1
Text description (1-3 sentences)

## HOOK
Detailed hook description (1-3 sentences)
Describe:
- What is seen in the first 2 seconds
- What is said in the first line
- Why this hook works for tech professionals

## SCRIPT
Detailed script description (1-20 sentences, as many as needed)
Include:
- Scene flow
- Spoken text / voiceover
- Clear practical payoff
- Demonstration of the tool or workflow

# CONCEPT 2
...

# CONCEPT 3
..."
f7f29e3d-f998-4e16-897b-ebf37e99f0e7,Food and travel,food-n-travel,"# CONCEPT
Overall description of the concept of this video, and what makes it valuable and interesting (1-3 sentences).
-> Clarify the core tension: what belief is challenged, what mistake is exposed, or what outcome is promised.
-> One clear idea only. No subtopics.

# HOOK
Detailed description of the first 5 seconds of the video, what makes it scroll-stopping and attention-grabbing, why a viewer needs to stop to watch it (1-3 sentences).
-> Break it down into:
- VISUAL (what is seen in the first 1-2 seconds: movement, facial expression, contrast, pattern break)
- TEXT (short on-screen statement: danger, promise, or contradiction, max 6-8 words)
- AUDIO (first spoken words: confident, direct, no intro, no context)
-> The hook must create either fear of loss, strong curiosity, or identity relevance.

# RETENTION MECHANISMS
Detailed description of how the creator manages to retain viewers throughout the video (1-7 sentences).
-> Open loops (""in a second I will show you why..."", ""most people miss this part..."")
-> Delayed payoff (main insight is intentionally held back)
-> Micro-escalations every 3-5 seconds (new angle, sharper wording, visual or tonal shift)
-> Pattern interrupts (pauses, emphasis, cut, zoom, gesture)
-> Clear forward momentum: the viewer feels the video is going somewhere.

# REWARD
Describe the ultimate value that the viewer gets by watching this video (1-3 sentences).
-> Be explicit: what does the viewer now understand, feel, or see differently?
-> Define whether the reward is Education (clarity), Entertainment (emotional release), or Inspiration (self-belief / action).
-> The reward should feel proportional to the time invested.

# SCRIPT
Describe the full script of the video (1-20 sentences, as many as needed).
-> Structure:
1. Immediate hook (no greeting)
2. Problem framing / tension escalation
3. Why this matters (stakes)
4. Main insight or shift in perspective (this comes AFTER retention is established)
5. Clean close (no rambling; optional CTA only if natural)
-> Include: scenes, actions, voiceover, exact wording if possible.
-> Keep sentences short. Spoken language only.

OVERALL RULE:
THE SHORTER THE ANALYSIS - THE BETTER.
If it can be said in fewer words, it should be.
Clarity > cleverness.
Retention > information.","Adapt this video for me. I run a personal channel — not a business — where I share real travel and food experiences and look for the story behind them: the history, the economics, or the hidden logic behind a dish, a street, or a place. My audience is people who like food/travel content but are tired of generic recaps — they want the angle nobody else found.

Task:
Give me 3 NEW video concepts inspired by the ORIGINAL reference.
Do not copy the original.
Translate the core idea into a personal food/travel/place story — anecdotal, first-person, not a listicle.
MAINLY iterate and sharpen the HOOKS.

Focus:
- First 3 seconds must stop someone who has seen a hundred food videos already
- Hooks should challenge an assumption about the dish/place, or promise a surprising origin story
- Personal anecdote and real experience > generic recap
- Show, do not just tell
- No stock travel-vlog clichés (""come with me"", ""you won't believe"")

The output should have this format:

# CONCEPT 1
Text description (1-3 sentences)

## HOOK
Detailed hook description (1-3 sentences)
Describe:
- What is seen in the first 2 seconds
- What is said in the first line
- Why this hook works for this audience

## SCRIPT
Detailed script description (1-20 sentences, as many as needed)
Include:
- Scene flow
- Spoken text / voiceover
- Clear payoff (the twist/insight)
- What real footage or moment this could use

# CONCEPT 2
...

# CONCEPT 3
..."
89b42a8b-eb6b-4b73-a5ae-81676770bd87,Storytelling Format Inspiration,general,"# CONCEPT
Overall description of the concept of this video, and what makes it valuable and interesting (1-3 sentences).
-> Clarify the core tension: what belief is challenged, what mistake is exposed, or what outcome is promised.
-> One clear idea only. No subtopics.

# HOOK
Detailed description of the first 5 seconds of the video, what makes it scroll-stopping and attention-grabbing, why a viewer needs to stop to watch it (1-3 sentences).
-> Break it down into:
- VISUAL (what is seen in the first 1-2 seconds: movement, facial expression, contrast, pattern break)
- TEXT (short on-screen statement: danger, promise, or contradiction, max 6-8 words)
- AUDIO (first spoken words: confident, direct, no intro, no context)
-> The hook must create either fear of loss, strong curiosity, or identity relevance.

# RETENTION MECHANISMS
Detailed description of how the creator manages to retain viewers throughout the video (1-7 sentences).
-> Open loops (""in a second I will show you why..."", ""most people miss this part..."")
-> Delayed payoff (main insight is intentionally held back)
-> Micro-escalations every 3-5 seconds (new angle, sharper wording, visual or tonal shift)
-> Pattern interrupts (pauses, emphasis, cut, zoom, gesture)
-> Clear forward momentum: the viewer feels the video is going somewhere.

# REWARD
Describe the ultimate value that the viewer gets by watching this video (1-3 sentences).
-> Be explicit: what does the viewer now understand, feel, or see differently?
-> Define whether the reward is Education (clarity), Entertainment (emotional release), or Inspiration (self-belief / action).
-> The reward should feel proportional to the time invested.

# SCRIPT
Describe the full script of the video (1-20 sentences, as many as needed).
-> Structure:
1. Immediate hook (no greeting)
2. Problem framing / tension escalation
3. Why this matters (stakes)
4. Main insight or shift in perspective (this comes AFTER retention is established)
5. Clean close (no rambling; optional CTA only if natural)
-> Include: scenes, actions, voiceover, exact wording if possible.
-> Keep sentences short. Spoken language only.

OVERALL RULE:
THE SHORTER THE ANALYSIS - THE BETTER.
If it can be said in fewer words, it should be.
Clarity > cleverness.
Retention > information.","These creators are FORMAT/STYLE references for me, not topic references. Adapt this video's mechanics — not its topic — for my personal channel. I have 4 content pillars:
1. ""The Story Behind It"" — real history or mechanics behind something everyday
2. ""How It Actually Works"" — demystifying something that sounds complicated
3. ""The Angle No One's Talking About"" — skip the obvious take, find the production/business/logistics angle
4. ""Career Pivot Log"" — documenting my real transition into GTM Engineering and AI-driven growth work

Task:
Give me 3 NEW video concepts that borrow this video's HOOK technique, pacing, and narrative structure — not its subject matter.
For each concept, pick whichever of my 4 pillars fits best and name it.
MAINLY iterate and sharpen the HOOKS using the same mechanic the reference used.

Focus:
- First 3 seconds must stop a scroller the same way the reference did
- Hooks should challenge a belief, expose a mistake, or promise a shortcut
- Mechanic/structure fidelity to the reference > topic similarity
- Show, do not just tell
- No buzzwords, no exaggeration

The output should have this format:

# CONCEPT 1
Text description (1-3 sentences) — start with: **Pillar used: [pillar name]**

## HOOK
Detailed hook description (1-3 sentences)
Describe:
- What is seen in the first 2 seconds
- What is said in the first line
- Which specific mechanic from the reference this borrows

## SCRIPT
Detailed script description (1-20 sentences, as many as needed)
Include:
- Scene flow
- Spoken text / voiceover
- Clear payoff
- How the pacing/structure mirrors the reference

# CONCEPT 2
...

# CONCEPT 3
..."
757de377-f92f-4f08-a66d-863affeca1ab,finance and crypto,crypto,"# CONCEPT
Overall description of the concept of this video, and what makes it valuable and interesting (1-3 sentences).
-> Clarify the core tension: what belief is challenged, what mistake is exposed, or what outcome is promised.
-> One clear idea only. No subtopics.

# HOOK
Detailed description of the first 5 seconds of the video, what makes it scroll-stopping and attention-grabbing, why a viewer needs to stop to watch it (1-3 sentences).
-> Break it down into:
- VISUAL (what is seen in the first 1-2 seconds: movement, facial expression, contrast, pattern break)
- TEXT (short on-screen statement: danger, promise, or contradiction, max 6-8 words)
- AUDIO (first spoken words: confident, direct, no intro, no context)
-> The hook must create either fear of loss, strong curiosity, or identity relevance.

# RETENTION MECHANISMS
Detailed description of how the creator manages to retain viewers throughout the video (1-7 sentences).
-> Open loops (""in a second I will show you why..."", ""most people miss this part..."")
-> Delayed payoff (main insight is intentionally held back)
-> Micro-escalations every 3-5 seconds (new angle, sharper wording, visual or tonal shift)
-> Pattern interrupts (pauses, emphasis, cut, zoom, gesture)
-> Clear forward momentum: the viewer feels the video is going somewhere.

# REWARD
Describe the ultimate value that the viewer gets by watching this video (1-3 sentences).
-> Be explicit: what does the viewer now understand, feel, or see differently?
-> Define whether the reward is Education (clarity), Entertainment (emotional release), or Inspiration (self-belief / action).
-> The reward should feel proportional to the time invested.

# SCRIPT
Describe the full script of the video (1-20 sentences, as many as needed).
-> Structure:
1. Immediate hook (no greeting)
2. Problem framing / tension escalation
3. Why this matters (stakes)
4. Main insight or shift in perspective (this comes AFTER retention is established)
5. Clean close (no rambling; optional CTA only if natural)
-> Include: scenes, actions, voiceover, exact wording if possible.
-> Keep sentences short. Spoken language only.

OVERALL RULE:
THE SHORTER THE ANALYSIS - THE BETTER.
If it can be said in fewer words, it should be.
Clarity > cleverness.
Retention > information.","Adapt this video for me. I run a personal channel — not a business — about crypto, AI, and GTM/growth work, where I demystify things that sound complicated. I draw on real experience: crypto/Bitso background, GTM Engineering, AI-driven growth work. My audience is tech-savvy professionals who aren't necessarily technical — curious how this stuff actually works, not looking for hype.

Task:
Give me 3 NEW video concepts inspired by the ORIGINAL reference.
Do not copy the original.
Translate the core idea into the crypto / AI / GTM context.
MAINLY iterate and sharpen the HOOKS.

Focus:
- First 3 seconds must stop a tech-savvy professional from scrolling
- Hooks should challenge a belief, expose a mistake, or promise a shortcut
- Practical value > hype
- Show, do not just tell
- No buzzwords, no exaggeration

The output should have this format:

# CONCEPT 1
Text description (1-3 sentences)

## HOOK
Detailed hook description (1-3 sentences)
Describe:
- What is seen in the first 2 seconds
- What is said in the first line
- Why this hook works for tech professionals

## SCRIPT
Detailed script description (1-20 sentences, as many as needed)
Include:
- Scene flow
- Spoken text / voiceover
- Clear practical payoff
- Demonstration of the concept/workflow

# CONCEPT 2
...

# CONCEPT 3
..."
b4f5a204-b07a-4c73-86cb-c07f9f3ebdb9,Venta y Revisión de Autos,revision-autos,"# CONCEPTO
Descripción general del concepto del video, y qué lo hace valioso e interesante (1-3 oraciones).
-> Aclará la tensión central: qué creencia se desafía, qué error se expone, o qué resultado se promete.
-> Una sola idea clara. Sin subtemas.

# GANCHO (HOOK)
Descripción detallada de los primeros 5 segundos del video, qué hace que frene el scroll y capte la atención, por qué un espectador necesita detenerse a mirarlo (1-3 oraciones).
-> Desglosalo en:
- VISUAL (qué se ve en los primeros 1-2 segundos: movimiento, expresión facial, contraste, ruptura de patrón)
- TEXTO (declaración corta en pantalla: peligro, promesa o contradicción, máx 6-8 palabras)
- AUDIO (primeras palabras habladas: seguras, directas, sin introducción, sin contexto)
-> El gancho debe generar miedo a perder algo, curiosidad fuerte, o relevancia de identidad (""esto me puede pasar a mí"").

# MECANISMOS DE RETENCIÓN
Descripción detallada de cómo el creador logra retener a los espectadores durante todo el video (1-7 oraciones).
-> Loops abiertos (""en un segundo te muestro por qué..."", ""la mayoría se pierde esta parte..."")
-> Recompensa demorada (el insight principal se retiene intencionalmente)
-> Micro-escaladas cada 3-5 segundos (nuevo ángulo, palabras más filosas, cambio visual o de tono)
-> Interrupciones de patrón (pausas, énfasis, corte, zoom, gesto)
-> Impulso hacia adelante claro: el espectador siente que el video va hacia algún lado.

# RECOMPENSA
Describí el valor final que obtiene el espectador al ver este video (1-3 oraciones).
-> Sé explícito: ¿qué entiende, siente o ve diferente ahora el espectador?
-> Definí si la recompensa es Educación (claridad), Entretenimiento (descarga emocional), o Inspiración (creencia en uno mismo / acción).
-> La recompensa debe sentirse proporcional al tiempo invertido.

# GUION
Describí el guion completo del video (1-20 oraciones, las que hagan falta).
-> Estructura:
1. Gancho inmediato (sin saludo)
2. Planteo del problema / escalada de tensión
3. Por qué importa esto (qué está en juego)
4. Insight principal o cambio de perspectiva (esto viene DESPUÉS de establecer la retención)
5. Cierre limpio (sin divagar; CTA opcional solo si es natural)
-> Incluí: escenas, acciones, voz en off, texto exacto si es posible.
-> Oraciones cortas. Solo lenguaje hablado.

REGLA GENERAL:
CUANTO MÁS CORTO EL ANÁLISIS, MEJOR.
Si se puede decir con menos palabras, decilo con menos palabras.
Claridad > ingenio.
Retención > información.","Adaptá este video para mi negocio. Vendo autos usados y además ofrezco un servicio de verificación/revisión de autos para gente que está por comprar uno usado (chequeo de choques, kilometraje adulterado, deudas/multas, papeles en regla, mecánica general). Mi público es gente en Argentina que está por comprar un auto usado y tiene miedo de que la estafen — no son expertos en autos, están ansiosos por tomar la decisión correcta con una compra grande.

Tarea:
Dame 3 CONCEPTOS NUEVOS de video inspirados en el video de referencia.
No copies el original.
Traducí la idea central al contexto de compra/venta segura de autos usados.
PRINCIPALMENTE iterá y afilá los GANCHOS.

Alterná entre estos dos ángulos según lo que mejor encaje con la referencia:
- Ángulo VERIFICACIÓN: mostrame revisando un auto, detectando algo que un comprador común no vería, generando confianza en mi criterio técnico.
- Ángulo VENTA: mostrame un auto de mi stock ya revisado y garantizado, resolviendo el miedo a comprar ""gato por liebre"".

Enfoque:
- Los primeros 3 segundos tienen que frenar a alguien que está buscando autos en Instagram ahora mismo
- Los ganchos deben exponer un error común al comprar usados, o prometer evitar una estafa concreta
- Mostrar el proceso real de revisión > explicar en abstracto
- Sin genéricos (""no cometas este error"") — siempre con un caso o dato concreto
- Tono cercano y directo, como quien le explica a un amigo, no como un vendedor

El output debe tener este formato:

# CONCEPTO 1
Descripción del texto (1-3 oraciones) — empezá con: **Ángulo: [Verificación / Venta]**

## GANCHO
Descripción detallada del gancho (1-3 oraciones)
Describí:
- Qué se ve en los primeros 2 segundos
- Qué se dice en la primera frase
- Por qué este gancho funciona para alguien con miedo a que lo estafen

## GUION
Descripción detallada del guion (1-20 oraciones, las que hagan falta)
Incluí:
- Flujo de escenas
- Texto hablado / voz en off
- Recompensa clara (qué aprende o qué tranquilidad se lleva el espectador)
- Qué grabación real necesitaría (auto en el elevador, papeles, escáner, etc.)

# CONCEPTO 2
...

# CONCEPTO 3
..."
